,total return,sharpe ratio,turnover
normal,0.7060693092028224,0.938,0.1922304731342876
