,total return,sharpe ratio,turnover
normal,-0.40130918458290693,-1.5,0.0281573663736631
equal,0.009724229502173443,0.03,0.0147737870678351
option,-0.012271547245616604,-0.059,0.4298860565645934
