,total return,sharpe ratio,turnover
normal,0.6667160916311778,0.886,0.1929064573120842
equal,0.09884827463424295,0.136,0.0124499524702665
